{
  "base_signal_trade_metrics": {
    "sample_count": 4213,
    "positive_return_rate": 0.4799430334678376,
    "quality_success_rate": 0.4782815096131023,
    "take_profit_hit_rate": 0.0,
    "stop_loss_rate": 0.45454545454545453,
    "avg_return": -0.002405197703580675,
    "median_return": -0.006388442462129329,
    "avg_win_return": 0.07495523602422556,
    "avg_loss_return": -0.07379853270934254,
    "profit_loss_ratio": 1.0156737982777886,
    "expectancy": -0.002405197703580675,
    "return_std": 0.0929655639971509,
    "downside_std": 0.0404537591772562,
    "sharpe_trade": -0.025871920743194617,
    "sortino_trade": -0.05945548083780848,
    "best_trade": 0.506158978636043,
    "worst_trade": -0.392217557461933,
    "trade_sequence_max_drawdown": 1.0,
    "max_consecutive_wins": 66,
    "max_consecutive_losses": 63,
    "avg_holding_days": 15.296700688345597,
    "median_holding_days": 13.0
  },
  "positive_factors": [
    {
      "factor_cn": "J值N型上升",
      "factor": "j_n_rise_factor",
      "strength": 2.059985386102774
    },
    {
      "factor_cn": "放量",
      "factor": "expand_volume_factor",
      "strength": 0.26857839295787056
    }
  ],
  "factor_weights": {
    "J值N型上升": 0.8846592069441979,
    "放量": 0.11534079305580222
  },
  "portfolio_metrics": {
    "final_multiple": 0.6402979047302056,
    "annual_return": -0.09675699826299422,
    "max_drawdown": 0.4830765186475622,
    "sharpe": -0.4589734181055607,
    "volatility": 0.18449876598249787,
    "days": 1104,
    "win_rate": 0.4730290456431535,
    "avg_trade_return": -0.0023235221638898715
  },
  "trade_count": 723
}